C43A1F81D8AB6C75B7A1916A95BED38A5EA5FFA8,firstchain_full_000
B03DD2C47852775208A56FA10A49875ABC507343,firstchain_full_001
89CB5A6C41AE7156BF493DD1FE934C8315FD0050,firstchain_full_002
29D08ABFD2704F37D683AC019653B6CAE1A0F043,firstchain_full_003
DC24F7BED106AF247B64BBAE7488598B29FC78FC,firstchain_full_004
F886AFBC6E807A9EF44E00E6936510B450E77A56,firstchain_full_005
15B7926835A7C2FD6D297E3ADECC5B45F7309F59,firstchain_full_006
676CBB6F0C71031D0DD7C6A7FC4D838222ED83F2,firstchain_full_007
997D223A5CED2A0155566C9DFC48564A6D619C87,firstchain_full_008
F3FBB8C4F09CF5F60A3F50F5D30519C60678FA51,firstchain_full_009
624FF17C3C645CFAF4303CE2A46EDFC6CEED5EFE,firstchain_full_010
3EA699776522F42AF7A614FF8DD31B1ABF8999F3,firstchain_full_011
F0E166DB4F3A4AC547888CE043B21B5F14BBFD48,firstchain_full_012
77E24A77C015B5F99DC7A44A87DF021B48B02D6B,firstchain_full_013
87FACA9C2A9DAA718A67421502F614BB44A6F520,firstchain_full_014
4B1207BBB80CDE31C155CB3C5EABE9DBC3E0EAC2,firstchain_full_015
1CB5CF010E407AFC6249627BFD769D82D8DBBF71,firstchain_full_016
95AF87B1016850043D879C85F3263C83214F3544,firstchain_full_017
EE33BF343AC963BDF67E9A451AF4510FF541D1EE,firstchain_full_018
DA9BD94A350C14D7400CD9D9B7D0556C625511BB,firstchain_full_019
EA16E3A730EF5B916B2187BADEE44783E58F5763,firstchain_full_020
C429CE757AD1A3B87B3662F83411EE5786BC5C7C,firstchain_full_021
E2BA1221889FDC47DD8A1F6B9F1BFA5C6F87326F,firstchain_full_022
C4BA41501B0CAC3996BE7407D5E722A096705475,firstchain_full_023
F8496558F1672952B28A1A1384EC293870BD08D3,firstchain_full_024